a_o,trimestre,proveedor,cod_municipio,municipio,cabecera_municipal,cod_centro_poblado,centro_poblado,cobertura_2g,cobertura_3g,cobertura_hspa_hspa_dc,cobertuta_4g,cobertura_lte,cobertura_5g
2021,2,CLARO,05001,MEDELLÍN,CABECERA 1,05001000,POBLADO 1 (Fuente 3),N,S,S,S,S,N
2022,3,MOVISTAR,11001,"BOGOTÁ, D.C.",CABECERA 2,11001000,POBLADO 2 (Fuente 3),S,S,S,S,N,N
2023,4,WOM,76001,CALI,CABECERA 3,76001000,POBLADO 3 (Fuente 3),N,S,N,S,S,N
2021,1,ETB,08001,BARRANQUILLA,CABECERA 4,08001000,POBLADO 4 (Fuente 3),S,S,S,S,N,N
2022,2,TIGO,13001,CARTAGENA,CABECERA 5,13001000,POBLADO 5 (Fuente 3),N,S,S,S,S,N
2023,3,CLARO,05001,MEDELLÍN,CABECERA 1,05001000,POBLADO 1 (Fuente 3),S,S,N,S,N,S
2021,4,MOVISTAR,11001,"BOGOTÁ, D.C.",CABECERA 2,11001000,POBLADO 2 (Fuente 3),N,S,S,S,S,S
2022,1,WOM,76001,CALI,CABECERA 3,76001000,POBLADO 3 (Fuente 3),S,S,S,S,N,S
2023,2,ETB,08001,BARRANQUILLA,CABECERA 4,08001000,POBLADO 4 (Fuente 3),N,S,N,S,S,S
2021,3,TIGO,13001,CARTAGENA,CABECERA 5,13001000,POBLADO 5 (Fuente 3),S,S,S,S,N,S
